<?xml version="1.0" encoding="UTF-8" ?>
<spirit:abstractionDefinition
	xmlns:spirit="http://www.spiritconsortium.org/XMLSchema/SPIRIT/1.4"
	xmlns:xsi="http://www.w3.org/2001/XMLSchema-instance"
	xsi:schemaLocation="http://www.spiritconsortium.org/XMLSchema/SPIRIT/1.4 http://www.spiritconsortium.org/XMLSchema/SPIRIT/1.4/index.xsd">
	<spirit:vendor>xilinx.com</spirit:vendor>
	<spirit:library>bsb_lib.rtl_busdefs</spirit:library>
	<spirit:name>d_qspi_axi_rtl</spirit:name>
	<spirit:version>1.0</spirit:version>
	<spirit:busType spirit:vendor="xilinx.com"
		spirit:library="bsb_lib.rtl_busdefs" spirit:name="d_qspi_axi"
		spirit:version="1.0" />
	<spirit:ports>
		<spirit:port>
			<spirit:logicalName>qspi_c</spirit:logicalName>
			<spirit:description>Slave Clock</spirit:description>
			<spirit:wire>
				<spirit:onMaster>
					<spirit:direction>out</spirit:direction>
				</spirit:onMaster>
				<spirit:onSlave>
					<spirit:direction>in</spirit:direction>
				</spirit:onSlave>
			</spirit:wire>
		</spirit:port>
		<spirit:port>
			<spirit:logicalName>qspi_s</spirit:logicalName>
			<spirit:description>Slave Select</spirit:description>
			<spirit:wire>
				<spirit:onMaster>
					<spirit:direction>out</spirit:direction>
				</spirit:onMaster>
				<spirit:onSlave>
					<spirit:direction>in</spirit:direction>
				</spirit:onSlave>
			</spirit:wire>
		</spirit:port>
		<spirit:port>
			<spirit:logicalName>qspi_dq</spirit:logicalName>
			<spirit:description>Data</spirit:description>
			<spirit:wire>
				<spirit:onMaster>
					<spirit:direction>inout</spirit:direction>
				</spirit:onMaster>
				<spirit:onSlave>
					<spirit:direction>inout</spirit:direction>
				</spirit:onSlave>
			</spirit:wire>
		</spirit:port>
	</spirit:ports>
</spirit:abstractionDefinition>