<?xml version="1.0" encoding="UTF-8" ?>
<spirit:abstractionDefinition
	xmlns:spirit="http://www.spiritconsortium.org/XMLSchema/SPIRIT/1.4"
	xmlns:xsi="http://www.w3.org/2001/XMLSchema-instance"
	xsi:schemaLocation="http://www.spiritconsortium.org/XMLSchema/SPIRIT/1.4 http://www.spiritconsortium.org/XMLSchema/SPIRIT/1.4/index.xsd">
	<spirit:vendor>xilinx.com</spirit:vendor>
	<spirit:library>bsb_lib.rtl_busdefs</spirit:library>
	<spirit:name>d_shared_mem_bus_rtl</spirit:name>
	<spirit:version>1.0</spirit:version>
	<spirit:busType spirit:vendor="xilinx.com"
		spirit:library="bsb_lib.rtl_busdefs" spirit:name="d_shared_mem_bus"
		spirit:version="1.0" />
	<spirit:ports>
		<spirit:port>
			<spirit:logicalName>Mem_Addr_O</spirit:logicalName>
			<spirit:description>Memory Address</spirit:description>
			<spirit:wire>
				<spirit:onMaster>
					<spirit:direction>out</spirit:direction>
				</spirit:onMaster>
				<spirit:onSlave>
					<spirit:direction>in</spirit:direction>
				</spirit:onSlave>
			</spirit:wire>
		</spirit:port>
		<spirit:port>
			<spirit:logicalName>Mem_DQ_O</spirit:logicalName>
			<spirit:description>Memory Data</spirit:description>
			<spirit:wire>
				<spirit:onMaster>
					<spirit:direction>out</spirit:direction>
				</spirit:onMaster>
				<spirit:onSlave>
					<spirit:direction>in</spirit:direction>
				</spirit:onSlave>
			</spirit:wire>
		</spirit:port>
		<spirit:port>
			<spirit:logicalName>Mem_DQ_T</spirit:logicalName>
			<spirit:description>Memory Data</spirit:description>
			<spirit:wire>
				<spirit:onMaster>
					<spirit:direction>out</spirit:direction>
				</spirit:onMaster>
				<spirit:onSlave>
					<spirit:direction>in</spirit:direction>
				</spirit:onSlave>
			</spirit:wire>
		</spirit:port>
		<spirit:port>
			<spirit:logicalName>Mem_DQ_I</spirit:logicalName>
			<spirit:description>Memory Data</spirit:description>
			<spirit:wire>
				<spirit:onMaster>
					<spirit:direction>in</spirit:direction>
				</spirit:onMaster>
				<spirit:onSlave>
					<spirit:direction>out</spirit:direction>
				</spirit:onSlave>
			</spirit:wire>
		</spirit:port>
		<spirit:port>
			<spirit:logicalName>Mem_DQ</spirit:logicalName>
			<spirit:description>Memory Data</spirit:description>
			<spirit:wire>
				<spirit:onMaster>
					<spirit:direction>inout</spirit:direction>
				</spirit:onMaster>
				<spirit:onSlave>
					<spirit:direction>inout</spirit:direction>
				</spirit:onSlave>
			</spirit:wire>
		</spirit:port>
		<spirit:port>
			<spirit:logicalName>Mem_OEN_O</spirit:logicalName>
			<spirit:description>Memory Output Enable</spirit:description>
			<spirit:wire>
				<spirit:onMaster>
					<spirit:direction>out</spirit:direction>
				</spirit:onMaster>
				<spirit:onSlave>
					<spirit:direction>in</spirit:direction>
				</spirit:onSlave>
			</spirit:wire>
		</spirit:port>
		<spirit:port>
			<spirit:logicalName>Mem_WEN_O</spirit:logicalName>
			<spirit:description>Memory Write Enable</spirit:description>
			<spirit:wire>
				<spirit:onMaster>
					<spirit:direction>out</spirit:direction>
				</spirit:onMaster>
				<spirit:onSlave>
					<spirit:direction>in</spirit:direction>
				</spirit:onSlave>
			</spirit:wire>
		</spirit:port>
		<spirit:port>
			<spirit:logicalName>QSPI_Mem_S_O</spirit:logicalName>
			<spirit:description></spirit:description>
			<spirit:wire>
				<spirit:onMaster>
					<spirit:direction>out</spirit:direction>
				</spirit:onMaster>
				<spirit:onSlave>
					<spirit:direction>in</spirit:direction>
				</spirit:onSlave>
			</spirit:wire>
		</spirit:port>
		<spirit:port>
			<spirit:logicalName>QSPI_Mem_C_O</spirit:logicalName>
			<spirit:description></spirit:description>
			<spirit:wire>
				<spirit:onMaster>
					<spirit:direction>out</spirit:direction>
				</spirit:onMaster>
				<spirit:onSlave>
					<spirit:direction>in</spirit:direction>
				</spirit:onSlave>
			</spirit:wire>
		</spirit:port>
		<spirit:port>
			<spirit:logicalName>FLASH_Mem_CEN_O</spirit:logicalName>
			<spirit:description></spirit:description>
			<spirit:wire>
				<spirit:onMaster>
					<spirit:direction>out</spirit:direction>
				</spirit:onMaster>
				<spirit:onSlave>
					<spirit:direction>in</spirit:direction>
				</spirit:onSlave>
			</spirit:wire>
		</spirit:port>
		<spirit:port>
			<spirit:logicalName>FLASH_Mem_RPN_O</spirit:logicalName>
			<spirit:description></spirit:description>
			<spirit:wire>
				<spirit:onMaster>
					<spirit:direction>out</spirit:direction>
				</spirit:onMaster>
				<spirit:onSlave>
					<spirit:direction>in</spirit:direction>
				</spirit:onSlave>
			</spirit:wire>
		</spirit:port>
		<spirit:port>
			<spirit:logicalName>PSRAM_Mem_CEN_O</spirit:logicalName>
			<spirit:description></spirit:description>
			<spirit:wire>
				<spirit:onMaster>
					<spirit:direction>out</spirit:direction>
				</spirit:onMaster>
				<spirit:onSlave>
					<spirit:direction>in</spirit:direction>
				</spirit:onSlave>
			</spirit:wire>
		</spirit:port>
		<spirit:port>
			<spirit:logicalName>PSRAM_Mem_ADV_O</spirit:logicalName>
			<spirit:description></spirit:description>
			<spirit:wire>
				<spirit:onMaster>
					<spirit:direction>out</spirit:direction>
				</spirit:onMaster>
				<spirit:onSlave>
					<spirit:direction>in</spirit:direction>
				</spirit:onSlave>
			</spirit:wire>
		</spirit:port>
		<spirit:port>
			<spirit:logicalName>PSRAM_Mem_CRE_O</spirit:logicalName>
			<spirit:description></spirit:description>
			<spirit:wire>
				<spirit:onMaster>
					<spirit:direction>out</spirit:direction>
				</spirit:onMaster>
				<spirit:onSlave>
					<spirit:direction>in</spirit:direction>
				</spirit:onSlave>
			</spirit:wire>
		</spirit:port>
		<spirit:port>
			<spirit:logicalName>PSRAM_Mem_CLK_O</spirit:logicalName>
			<spirit:description></spirit:description>
			<spirit:wire>
				<spirit:onMaster>
					<spirit:direction>out</spirit:direction>
				</spirit:onMaster>
				<spirit:onSlave>
					<spirit:direction>in</spirit:direction>
				</spirit:onSlave>
			</spirit:wire>
		</spirit:port>
		<spirit:port>
			<spirit:logicalName>PSRAM_Mem_Wait_I</spirit:logicalName>
			<spirit:description></spirit:description>
			<spirit:wire>
				<spirit:onMaster>
					<spirit:direction>in</spirit:direction>
				</spirit:onMaster>
				<spirit:onSlave>
					<spirit:direction>out</spirit:direction>
				</spirit:onSlave>
			</spirit:wire>
		</spirit:port>
		<spirit:port>
			<spirit:logicalName>PSRAM_Mem_UB_O</spirit:logicalName>
			<spirit:description></spirit:description>
			<spirit:wire>
				<spirit:onMaster>
					<spirit:direction>out</spirit:direction>
				</spirit:onMaster>
				<spirit:onSlave>
					<spirit:direction>in</spirit:direction>
				</spirit:onSlave>
			</spirit:wire>
		</spirit:port>
		<spirit:port>
			<spirit:logicalName>PSRAM_Mem_LB_O</spirit:logicalName>
			<spirit:description></spirit:description>
			<spirit:wire>
				<spirit:onMaster>
					<spirit:direction>out</spirit:direction>
				</spirit:onMaster>
				<spirit:onSlave>
					<spirit:direction>in</spirit:direction>
				</spirit:onSlave>
			</spirit:wire>
		</spirit:port>
	</spirit:ports>
</spirit:abstractionDefinition>