<?xml version="1.0" encoding="UTF-8"?>
<spirit:component xmlns:spirit="http://www.spiritconsortium.org/XMLSchema/SPIRIT/1.4" xmlns:xsi="http://www.w3.org/2001/XMLSchema-instance">
	<spirit:vendor>digilent</spirit:vendor>
	<spirit:library>bsb_lib.components</spirit:library>
	<spirit:name>bsb_component</spirit:name>
	<spirit:version>B</spirit:version>
	<spirit:busInterfaces>
		<spirit:busInterface spirit:service="requestor">
			<spirit:name>clock_0</spirit:name>
			<spirit:busType spirit:vendor="xilinx.com" spirit:library="bsb_lib.busdefs" spirit:name="ref_clock" spirit:version="1.0"/>
			<spirit:master>
			</spirit:master>
			<spirit:parameters>
				<spirit:parameter>
					<spirit:name>frequency</spirit:name>
					<spirit:value spirit:format="long" spirit:resolve="immediate" spirit:id="refclk_frequency_0" spirit:minimum="100000000" spirit:maximum="100000000" spirit:rangeType="int">100000000</spirit:value>
				</spirit:parameter>
			</spirit:parameters>
		</spirit:busInterface>
		<spirit:busInterface spirit:service="requestor">
			<spirit:name>reset_0</spirit:name>
			<spirit:busType spirit:vendor="xilinx.com" spirit:library="bsb_lib.busdefs" spirit:name="ref_reset" spirit:version="1.0"/>
			<spirit:master>
			</spirit:master>
			<spirit:parameters>
				<spirit:parameter>
					<spirit:name>RST_POLARITY</spirit:name>
					<spirit:value spirit:format="string" spirit:resolve="immediate" spirit:id="reset_polarity">1</spirit:value>
				</spirit:parameter>
			</spirit:parameters>
		</spirit:busInterface>
		<spirit:busInterface spirit:service="requestor">
			<spirit:name>RS232_Uart_1</spirit:name>
			<spirit:busType spirit:vendor="xilinx.com" spirit:library="bsb_lib.busdefs" spirit:name="uart" spirit:version="1.0"/>
			<spirit:master>
			</spirit:master>
		</spirit:busInterface>
		<spirit:busInterface spirit:service="requestor">
			<spirit:name>DIP_Switches_8Bits</spirit:name>
			<spirit:busType spirit:vendor="xilinx.com" spirit:library="bsb_lib.busdefs" spirit:name="gpio" spirit:version="1.0"/>
			<spirit:master>
			</spirit:master>
			<spirit:parameters>
				<spirit:parameter>
					<spirit:name>C_GPIO_WIDTH</spirit:name>
					<spirit:value spirit:format="string" spirit:resolve="immediate" spirit:id="DIP_Switches_8Bits_GPIO_WIDTH_ID">8</spirit:value>
				</spirit:parameter>
				<spirit:parameter>
					<spirit:name>C_ALL_INPUTS</spirit:name>
					<spirit:value spirit:format="string" spirit:resolve="immediate" spirit:id="DIP_Switches_8Bits_ALL_INPUTS_ID">1</spirit:value>
				</spirit:parameter>
				<spirit:parameter>
					<spirit:name>C_IS_DUAL</spirit:name>
					<spirit:value spirit:format="string" spirit:id="DIP_Switches_8Bits_IS_DUAL_ID">0</spirit:value>
				</spirit:parameter>
			</spirit:parameters>
		</spirit:busInterface>
		<spirit:busInterface spirit:service="requestor">
			<spirit:name>LEDs_8Bits</spirit:name>
			<spirit:busType spirit:vendor="xilinx.com" spirit:library="bsb_lib.busdefs" spirit:name="gpio" spirit:version="1.0"/>
			<spirit:master>
			</spirit:master>
			<spirit:parameters>
				<spirit:parameter>
					<spirit:name>C_GPIO_WIDTH</spirit:name>
					<spirit:value spirit:format="string" spirit:resolve="immediate" spirit:id="LEDs_8Bits_GPIO_WIDTH_ID">8</spirit:value>
				</spirit:parameter>
				<spirit:parameter>
					<spirit:name>C_ALL_INPUTS</spirit:name>
					<spirit:value spirit:format="string" spirit:resolve="immediate" spirit:id="LEDs_8Bits_ALL_INPUTS_ID">0</spirit:value>
				</spirit:parameter>
				<spirit:parameter>
					<spirit:name>C_IS_DUAL</spirit:name>
					<spirit:value spirit:format="string" spirit:resolve="immediate" spirit:id="LEDs_8Bits_IS_DUAL_ID">0</spirit:value>
				</spirit:parameter>
			</spirit:parameters>
		</spirit:busInterface>
		<spirit:busInterface spirit:service="requestor">
			<spirit:name>Push_Buttons_4Bits</spirit:name>
			<spirit:busType spirit:vendor="xilinx.com" spirit:library="bsb_lib.busdefs" spirit:name="gpio" spirit:version="1.0"/>
			<spirit:master>
			</spirit:master>
			<spirit:parameters>
				<spirit:parameter>
					<spirit:name>C_GPIO_WIDTH</spirit:name>
					<spirit:value spirit:format="string" spirit:resolve="immediate" spirit:id="Push_Buttons_4Bits_GPIO_WIDTH_ID">4</spirit:value>
				</spirit:parameter>
				<spirit:parameter>
					<spirit:name>C_ALL_INPUTS</spirit:name>
					<spirit:value spirit:format="string" spirit:resolve="immediate" spirit:id="Push_Buttons_4Bits_ALL_INPUTS_ID">1</spirit:value>
				</spirit:parameter>
				<spirit:parameter>
					<spirit:name>C_IS_DUAL</spirit:name>
					<spirit:value spirit:format="string" spirit:resolve="immediate" spirit:id="Push_Buttons_4Bits_IS_DUAL_ID">0</spirit:value>
				</spirit:parameter>
			</spirit:parameters>
		</spirit:busInterface>
		<spirit:busInterface spirit:service="requestor">
			<spirit:name>Digilent_Shared_Mem_Bus_Mux</spirit:name>
			<spirit:busType spirit:vendor="xilinx.com" spirit:library="bsb_lib.busdefs" spirit:name="d_shared_mem_bus" spirit:version="1.0"/>
			<spirit:master>
			</spirit:master>
		</spirit:busInterface>
		<spirit:busInterface spirit:service="requestor">
			<spirit:name>Digilent_Usb_Epp</spirit:name>
			<spirit:busType spirit:vendor="xilinx.com" spirit:library="bsb_lib.busdefs" spirit:name="d_usb_epp_dstm_axi" spirit:version="1.0"/>
			<spirit:master>
			</spirit:master>
		</spirit:busInterface>
		<spirit:busInterface spirit:service="requestor">
			<spirit:name>Digilent_SevSeg_Disp</spirit:name>
			<spirit:busType spirit:vendor="xilinx.com" spirit:library="bsb_lib.busdefs" spirit:name="svn_seg_axi" spirit:version="1.0"/>
			<spirit:master>
			</spirit:master>
		</spirit:busInterface>
		<spirit:busInterface spirit:service="requestor">
			<spirit:name>Ethernet_Lite</spirit:name>
			<spirit:busType spirit:vendor="xilinx.com" spirit:library="bsb_lib.busdefs" spirit:name="ethernetlite" spirit:version="1.0"/>
			<spirit:master>
			</spirit:master>
			<spirit:parameters>
				<spirit:parameter>
					<spirit:name>EXCLUSIVE</spirit:name>
					<spirit:value spirit:format="string" spirit:resolve="immediate" spirit:id="Ethernet_Lite_EXCLUSIVE">ETHERNET</spirit:value>
				</spirit:parameter>
			</spirit:parameters>
		</spirit:busInterface>
		<spirit:busInterface spirit:service="requestor">
			<spirit:name>ETHERNET</spirit:name>
			<spirit:busType spirit:vendor="xilinx.com" spirit:library="bsb_lib.busdefs" spirit:name="ethernet" spirit:version="1.0"/>
			<spirit:master>
			</spirit:master>
			<spirit:parameters>
				<spirit:parameter>
					<spirit:name>PHY_TYPE</spirit:name>
					<spirit:value spirit:format="string" spirit:resolve="immediate" spirit:id="ethernet_PHY_TYPE_0">MII</spirit:value>
				</spirit:parameter>
				<spirit:parameter>
					<spirit:name>IMP_TYPE</spirit:name>
					<spirit:value spirit:format="long" spirit:resolve="immediate" spirit:id="ethernet_IMP_TYPE_0">0</spirit:value>
				</spirit:parameter>
				<spirit:parameter>
					<spirit:name>DUPLEX</spirit:name>
					<spirit:value spirit:format="string" spirit:resolve="immediate" spirit:id="ethernet_DUPLEX_0">FULL</spirit:value>
				</spirit:parameter>
				<spirit:parameter>
					<spirit:name>C_DMA_TYPE</spirit:name>
					<spirit:value spirit:format="long" spirit:resolve="immediate" spirit:id="ethernet_DMA_TYPE">1</spirit:value>
				</spirit:parameter>
				<spirit:parameter>
					<spirit:name>EXCLUSIVE</spirit:name>
					<spirit:value spirit:format="string" spirit:resolve="immediate" spirit:id="ETHERNET_EXCLUSIVE">Ethernet_Lite</spirit:value>
				</spirit:parameter>
			</spirit:parameters>
		</spirit:busInterface>
	</spirit:busInterfaces>
</spirit:component>
