
<RENDERBATCH>

  <RENDERIMG RASNAME="F:\Intelligent_Sys\gobang_AI111\SDK\SDK_Export\hw\imgs\microblaze_0.jpg" SVGNAME="F:\Intelligent_Sys\gobang_AI111\SDK\SDK_Export\hw\imgs\microblaze_0.svg" TMPSVGFN="F:\Intelligent_Sys\gobang_AI111\__xps\.dswkshop\microblaze_0.svg"/>

  <RENDERIMG RASNAME="F:\Intelligent_Sys\gobang_AI111\SDK\SDK_Export\hw\imgs\mb_plb.jpg" SVGNAME="F:\Intelligent_Sys\gobang_AI111\SDK\SDK_Export\hw\imgs\mb_plb.svg" TMPSVGFN="F:\Intelligent_Sys\gobang_AI111\__xps\.dswkshop\mb_plb.svg"/>

  <RENDERIMG RASNAME="F:\Intelligent_Sys\gobang_AI111\SDK\SDK_Export\hw\imgs\ilmb.jpg" SVGNAME="F:\Intelligent_Sys\gobang_AI111\SDK\SDK_Export\hw\imgs\ilmb.svg" TMPSVGFN="F:\Intelligent_Sys\gobang_AI111\__xps\.dswkshop\ilmb.svg"/>

  <RENDERIMG RASNAME="F:\Intelligent_Sys\gobang_AI111\SDK\SDK_Export\hw\imgs\dlmb.jpg" SVGNAME="F:\Intelligent_Sys\gobang_AI111\SDK\SDK_Export\hw\imgs\dlmb.svg" TMPSVGFN="F:\Intelligent_Sys\gobang_AI111\__xps\.dswkshop\dlmb.svg"/>

  <RENDERIMG RASNAME="F:\Intelligent_Sys\gobang_AI111\SDK\SDK_Export\hw\imgs\dlmb_cntlr.jpg" SVGNAME="F:\Intelligent_Sys\gobang_AI111\SDK\SDK_Export\hw\imgs\dlmb_cntlr.svg" TMPSVGFN="F:\Intelligent_Sys\gobang_AI111\__xps\.dswkshop\dlmb_cntlr.svg"/>

  <RENDERIMG RASNAME="F:\Intelligent_Sys\gobang_AI111\SDK\SDK_Export\hw\imgs\ilmb_cntlr.jpg" SVGNAME="F:\Intelligent_Sys\gobang_AI111\SDK\SDK_Export\hw\imgs\ilmb_cntlr.svg" TMPSVGFN="F:\Intelligent_Sys\gobang_AI111\__xps\.dswkshop\ilmb_cntlr.svg"/>

  <RENDERIMG RASNAME="F:\Intelligent_Sys\gobang_AI111\SDK\SDK_Export\hw\imgs\lmb_bram.jpg" SVGNAME="F:\Intelligent_Sys\gobang_AI111\SDK\SDK_Export\hw\imgs\lmb_bram.svg" TMPSVGFN="F:\Intelligent_Sys\gobang_AI111\__xps\.dswkshop\lmb_bram.svg"/>

  <RENDERIMG RASNAME="F:\Intelligent_Sys\gobang_AI111\SDK\SDK_Export\hw\imgs\RS232_Uart_1.jpg" SVGNAME="F:\Intelligent_Sys\gobang_AI111\SDK\SDK_Export\hw\imgs\RS232_Uart_1.svg" TMPSVGFN="F:\Intelligent_Sys\gobang_AI111\__xps\.dswkshop\RS232_Uart_1.svg"/>

  <RENDERIMG RASNAME="F:\Intelligent_Sys\gobang_AI111\SDK\SDK_Export\hw\imgs\DIP_Switches_8Bits.jpg" SVGNAME="F:\Intelligent_Sys\gobang_AI111\SDK\SDK_Export\hw\imgs\DIP_Switches_8Bits.svg" TMPSVGFN="F:\Intelligent_Sys\gobang_AI111\__xps\.dswkshop\DIP_Switches_8Bits.svg"/>

  <RENDERIMG RASNAME="F:\Intelligent_Sys\gobang_AI111\SDK\SDK_Export\hw\imgs\Micron_RAM.jpg" SVGNAME="F:\Intelligent_Sys\gobang_AI111\SDK\SDK_Export\hw\imgs\Micron_RAM.svg" TMPSVGFN="F:\Intelligent_Sys\gobang_AI111\__xps\.dswkshop\Micron_RAM.svg"/>

  <RENDERIMG RASNAME="F:\Intelligent_Sys\gobang_AI111\SDK\SDK_Export\hw\imgs\mem_bus_mux_0.jpg" SVGNAME="F:\Intelligent_Sys\gobang_AI111\SDK\SDK_Export\hw\imgs\mem_bus_mux_0.svg" TMPSVGFN="F:\Intelligent_Sys\gobang_AI111\__xps\.dswkshop\mem_bus_mux_0.svg"/>

  <RENDERIMG RASNAME="F:\Intelligent_Sys\gobang_AI111\SDK\SDK_Export\hw\imgs\clock_generator_0.jpg" SVGNAME="F:\Intelligent_Sys\gobang_AI111\SDK\SDK_Export\hw\imgs\clock_generator_0.svg" TMPSVGFN="F:\Intelligent_Sys\gobang_AI111\__xps\.dswkshop\clock_generator_0.svg"/>

  <RENDERIMG RASNAME="F:\Intelligent_Sys\gobang_AI111\SDK\SDK_Export\hw\imgs\mdm_0.jpg" SVGNAME="F:\Intelligent_Sys\gobang_AI111\SDK\SDK_Export\hw\imgs\mdm_0.svg" TMPSVGFN="F:\Intelligent_Sys\gobang_AI111\__xps\.dswkshop\mdm_0.svg"/>

  <RENDERIMG RASNAME="F:\Intelligent_Sys\gobang_AI111\SDK\SDK_Export\hw\imgs\proc_sys_reset_0.jpg" SVGNAME="F:\Intelligent_Sys\gobang_AI111\SDK\SDK_Export\hw\imgs\proc_sys_reset_0.svg" TMPSVGFN="F:\Intelligent_Sys\gobang_AI111\__xps\.dswkshop\proc_sys_reset_0.svg"/>

  <RENDERIMG RASNAME="F:\Intelligent_Sys\gobang_AI111\SDK\SDK_Export\hw\imgs\vga_ip_0.jpg" SVGNAME="F:\Intelligent_Sys\gobang_AI111\SDK\SDK_Export\hw\imgs\vga_ip_0.svg" TMPSVGFN="F:\Intelligent_Sys\gobang_AI111\__xps\.dswkshop\vga_ip_0.svg"/>

  <RENDERIMG RASNAME="F:\Intelligent_Sys\gobang_AI111\SDK\SDK_Export\hw\imgs\xps_ps2_0.jpg" SVGNAME="F:\Intelligent_Sys\gobang_AI111\SDK\SDK_Export\hw\imgs\xps_ps2_0.svg" TMPSVGFN="F:\Intelligent_Sys\gobang_AI111\__xps\.dswkshop\xps_ps2_0.svg"/>

  <RENDERIMG RASNAME="F:\Intelligent_Sys\gobang_AI111\SDK\SDK_Export\hw\imgs\xps_timer_0.jpg" SVGNAME="F:\Intelligent_Sys\gobang_AI111\SDK\SDK_Export\hw\imgs\xps_timer_0.svg" TMPSVGFN="F:\Intelligent_Sys\gobang_AI111\__xps\.dswkshop\xps_timer_0.svg"/>

  <RENDERIMG RASNAME="F:\Intelligent_Sys\gobang_AI111\SDK\SDK_Export\hw\imgs\xps_intc_0.jpg" SVGNAME="F:\Intelligent_Sys\gobang_AI111\SDK\SDK_Export\hw\imgs\xps_intc_0.svg" TMPSVGFN="F:\Intelligent_Sys\gobang_AI111\__xps\.dswkshop\xps_intc_0.svg"/>

  <RENDERIMG RASNAME="F:\Intelligent_Sys\gobang_AI111\SDK\SDK_Export\hw\imgs\SevSeg_Disp_12Bits.jpg" SVGNAME="F:\Intelligent_Sys\gobang_AI111\SDK\SDK_Export\hw\imgs\SevSeg_Disp_12Bits.svg" TMPSVGFN="F:\Intelligent_Sys\gobang_AI111\__xps\.dswkshop\SevSeg_Disp_12Bits.svg"/>

  <RENDERIMG RASNAME="F:\Intelligent_Sys\gobang_AI111\SDK\SDK_Export\hw\imgs\system_blkd.jpg" SVGNAME="F:\Intelligent_Sys\gobang_AI111\SDK\SDK_Export\hw\imgs\system_blkd.svg" TMPSVGFN="F:\Intelligent_Sys\gobang_AI111\__xps\.dswkshop\system_blkd.svg"/>

</RENDERBATCH>